URL,Ãšltimo rastreamento
https://www.escolahabilidade.com/blog/10-dicas-especialistas-renderizacoes-enscape-destaque,1969-12-31
https://www.escolahabilidade.com/blog/10-extensoes-sketchup-arquitetos,1969-12-31
https://www.escolahabilidade.com/blog/acelerando-workflow-grey-boxing-sketchup,1969-12-31
https://www.escolahabilidade.com/blog/categoria/arquitetura,1969-12-31
https://www.escolahabilidade.com/blog/categoria/carreira,1969-12-31
https://www.escolahabilidade.com/blog/categoria/design,1969-12-31
https://www.escolahabilidade.com/blog/categoria/educacao,1969-12-31
https://www.escolahabilidade.com/blog/categoria/programacao,1969-12-31
https://www.escolahabilidade.com/blog/categoria/tecnologia,1969-12-31
https://www.escolahabilidade.com/blog/cinco-maneiras-maximizar-vistas-magnificas-casas-personalizadas,1969-12-31
https://www.escolahabilidade.com/blog/como-apresentar-projetos-design-interior-sketchup,1969-12-31
https://www.escolahabilidade.com/blog/como-construir-seu-primeiro-agente-ia-n8n,1969-12-31
https://www.escolahabilidade.com/blog/como-usar-sketchup-para-design-conceitual-arquitetonico,1969-12-31
https://www.escolahabilidade.com/blog/design-espacos-varejo-sketchup-pro,1969-12-31
https://www.escolahabilidade.com/blog/dominando-shape-bender-curvando-geometrias-sketchup,1969-12-31
https://www.escolahabilidade.com/blog/guia-completo-21-estilos-decoracao-transformar-casa,1969-12-31
https://www.escolahabilidade.com/blog/historia-sketchup-software-arquitetura,1969-12-31
https://www.escolahabilidade.com/blog/o-que-e-sketchup-guia-completo-modelagem-3d-2025,1969-12-31
https://www.escolahabilidade.com/blog/por-que-enscape-essencial-visualizacao-arquitetonica,1969-12-31
https://www.escolahabilidade.com/blog/sketchup-arquitetura-paisagistica,1969-12-31
https://www.escolahabilidade.com/blog/sketchup-workflows-avancados-arquitetura-paisagistica,1969-12-31
https://www.escolahabilidade.com/blog/tipos-puxadores-moveis,1969-12-31
https://www.escolahabilidade.com/cursos-florianopolis,1969-12-31
https://www.escolahabilidade.com/cursos-palhoca,1969-12-31
https://www.escolahabilidade.com/cursos-sao-jose,1969-12-31
https://www.escolahabilidade.com/cursos/marketing-digital,1969-12-31
https://www.escolahabilidade.com/cursos/projetista-3d,1969-12-31
https://www.escolahabilidade.com/cursos/sketchup-enscape,1969-12-31